epoch,time,train/giou_loss,train/cls_loss,train/l1_loss,metrics/precision(B),metrics/recall(B),metrics/mAP50(B),metrics/mAP50-95(B),val/giou_loss,val/cls_loss,val/l1_loss,lr/pg0,lr/pg1,lr/pg2
1,2261.7,1.03502,1.7736,0.81471,0.24314,0.29662,0.03832,0.01332,0.75389,1.16372,0.4113,3.32898e-05,3.32898e-05,0.0667435
2,5306.43,0.38172,1.6671,0.22261,0.21766,0.61192,0.08436,0.049,0.28948,1.71664,0.12596,6.62934e-05,6.62934e-05,0.0334431
3,7624.63,0.25618,1.73126,0.13691,0.25425,0.36192,0.12588,0.07418,0.28957,1.53875,0.11448,9.89669e-05,9.89669e-05,0.000142483
4,9898.14,0.2763,1.07761,0.15641,0.66073,0.87155,0.74256,0.49625,0.36505,0.51955,0.15913,9.8515e-05,9.8515e-05,9.8515e-05
5,11788.7,0.30252,0.50498,0.17641,0.77126,0.90218,0.83911,0.57311,0.33617,0.44124,0.14343,9.802e-05,9.802e-05,9.802e-05
6,14203.7,0.28146,0.42415,0.16101,0.87741,0.91939,0.91351,0.63088,0.34714,0.39397,0.16032,9.7525e-05,9.7525e-05,9.7525e-05
7,16036.7,0.26688,0.38837,0.15403,0.83349,0.94101,0.89178,0.61815,0.34309,0.39138,0.14583,9.703e-05,9.703e-05,9.703e-05
8,18476.1,0.24973,0.35861,0.13958,0.9088,0.93332,0.91719,0.60699,0.34139,0.42521,0.14809,9.6535e-05,9.6535e-05,9.6535e-05
9,20323.3,0.23685,0.34484,0.1323,0.94862,0.91625,0.93503,0.62795,0.34295,0.39426,0.14874,9.604e-05,9.604e-05,9.604e-05
10,22749.6,0.22455,0.32758,0.12437,0.95479,0.94063,0.92986,0.62873,0.3413,0.39914,0.15754,9.5545e-05,9.5545e-05,9.5545e-05
11,24678.3,0.21366,0.312,0.11772,0.95186,0.95631,0.94807,0.63283,0.33579,0.389,0.14496,9.505e-05,9.505e-05,9.505e-05
12,27116.2,0.20738,0.30113,0.1141,0.97266,0.93333,0.93729,0.62574,0.35259,0.39405,0.17016,9.4555e-05,9.4555e-05,9.4555e-05
13,28954,0.19538,0.28646,0.10546,0.94276,0.96127,0.95819,0.6546,0.34194,0.37848,0.14069,9.406e-05,9.406e-05,9.406e-05
14,31540.9,0.19011,0.28347,0.1032,0.96936,0.9436,0.96224,0.66095,0.33352,0.38877,0.14382,9.3565e-05,9.3565e-05,9.3565e-05
15,33399.8,0.17871,0.27254,0.09457,0.93151,0.96778,0.95167,0.63382,0.35124,0.38007,0.15916,9.307e-05,9.307e-05,9.307e-05
16,35790.4,0.17473,0.26411,0.09231,0.96188,0.91562,0.9362,0.64403,0.33952,0.40069,0.15706,9.2575e-05,9.2575e-05,9.2575e-05
17,37696,0.16729,0.25994,0.0881,0.93813,0.94556,0.93915,0.65146,0.33111,0.39024,0.14499,9.208e-05,9.208e-05,9.208e-05
18,40112.4,0.1654,0.25751,0.08766,0.92891,0.95947,0.95681,0.65024,0.34041,0.38289,0.15357,9.1585e-05,9.1585e-05,9.1585e-05
19,41967.5,0.1611,0.25329,0.08451,0.96017,0.94056,0.94279,0.64951,0.34415,0.38516,0.15929,9.109e-05,9.109e-05,9.109e-05
20,44369.6,0.15516,0.24771,0.08202,0.97671,0.94425,0.93978,0.64856,0.33621,0.41281,0.15549,9.0595e-05,9.0595e-05,9.0595e-05
21,46202.3,0.15006,0.24088,0.07891,0.95855,0.96416,0.96107,0.66676,0.33173,0.39153,0.15468,9.01e-05,9.01e-05,9.01e-05
22,48587.4,0.14104,0.23047,0.07312,0.95494,0.95153,0.96359,0.66664,0.34511,0.41068,0.15501,8.9605e-05,8.9605e-05,8.9605e-05
23,50476.9,0.13724,0.22803,0.07154,0.92928,0.93989,0.94233,0.64272,0.33198,0.42177,0.1532,8.911e-05,8.911e-05,8.911e-05
24,52880.4,0.13681,0.22871,0.07075,0.95768,0.94388,0.94559,0.64578,0.33614,0.40957,0.15243,8.8615e-05,8.8615e-05,8.8615e-05
25,54723.3,0.13391,0.22487,0.0687,0.92899,0.96795,0.95989,0.65818,0.33704,0.39872,0.15308,8.812e-05,8.812e-05,8.812e-05
26,57126,0.13097,0.22055,0.06669,0.94363,0.96346,0.95861,0.65454,0.33201,0.39587,0.14058,8.7625e-05,8.7625e-05,8.7625e-05
27,58957.5,0.1279,0.21935,0.06625,0.95362,0.96565,0.97543,0.66343,0.33894,0.4226,0.15288,8.713e-05,8.713e-05,8.713e-05
28,61387,0.12313,0.21747,0.0639,0.9682,0.93838,0.94875,0.65202,0.33582,0.41342,0.1465,8.6635e-05,8.6635e-05,8.6635e-05
29,63233.1,0.11959,0.20872,0.06216,0.96844,0.94278,0.95796,0.66026,0.33,0.41496,0.1497,8.614e-05,8.614e-05,8.614e-05
30,65628.1,0.12151,0.21464,0.06266,0.96472,0.94028,0.96026,0.66202,0.34079,0.40978,0.16128,8.5645e-05,8.5645e-05,8.5645e-05
31,67548.6,0.12102,0.20986,0.06203,0.97754,0.94262,0.94077,0.65591,0.33442,0.41017,0.15294,8.515e-05,8.515e-05,8.515e-05
32,70001.3,0.11446,0.20216,0.05907,0.96299,0.96561,0.96166,0.67328,0.33037,0.3957,0.15085,8.4655e-05,8.4655e-05,8.4655e-05
33,71857.8,0.11096,0.19823,0.05615,0.94558,0.9544,0.95938,0.66287,0.33544,0.42136,0.15254,8.416e-05,8.416e-05,8.416e-05
34,74272.7,0.11226,0.19948,0.05783,0.98154,0.94027,0.96799,0.66754,0.32313,0.40835,0.13859,8.3665e-05,8.3665e-05,8.3665e-05
35,76132.5,0.11011,0.19696,0.05628,0.91715,0.965,0.95642,0.66999,0.33404,0.40264,0.15731,8.317e-05,8.317e-05,8.317e-05
36,78504.1,0.10763,0.19379,0.05489,0.93576,0.96266,0.95401,0.65761,0.33232,0.40252,0.15026,8.2675e-05,8.2675e-05,8.2675e-05
37,80389.4,0.10887,0.19661,0.0556,0.9597,0.96008,0.95556,0.66895,0.33369,0.41305,0.15662,8.218e-05,8.218e-05,8.218e-05
38,82797.8,0.10666,0.19396,0.05449,0.98305,0.94278,0.96131,0.64585,0.32591,0.43262,0.1448,8.1685e-05,8.1685e-05,8.1685e-05
39,84762.9,0.1018,0.18546,0.05234,0.94408,0.96423,0.95781,0.66258,0.33344,0.41858,0.15612,8.119e-05,8.119e-05,8.119e-05
40,87200.3,0.10045,0.18383,0.05099,0.95959,0.9412,0.94054,0.64208,0.34384,0.42851,0.1624,8.0695e-05,8.0695e-05,8.0695e-05
41,89111.7,0.09759,0.17904,0.04966,0.98702,0.94278,0.95371,0.66181,0.33126,0.42134,0.15326,8.02e-05,8.02e-05,8.02e-05
42,91490.9,0.09959,0.18633,0.05103,0.95698,0.94024,0.94238,0.65369,0.33266,0.44925,0.15639,7.9705e-05,7.9705e-05,7.9705e-05
43,93397.7,0.09704,0.18083,0.04922,0.97977,0.94056,0.9433,0.64752,0.34054,0.41715,0.15859,7.921e-05,7.921e-05,7.921e-05
44,95785.3,0.09694,0.17828,0.0495,0.96701,0.9433,0.94423,0.66031,0.33295,0.413,0.16352,7.8715e-05,7.8715e-05,7.8715e-05
45,97581.3,0.09486,0.17604,0.04849,0.95148,0.94061,0.95997,0.66662,0.32985,0.42735,0.15516,7.822e-05,7.822e-05,7.822e-05
46,99853.7,0.09268,0.17446,0.04682,0.97684,0.93915,0.95066,0.65688,0.33023,0.43309,0.15309,7.7725e-05,7.7725e-05,7.7725e-05
47,101786,0.09495,0.17918,0.04828,0.96506,0.94278,0.94483,0.6565,0.33832,0.44586,0.15314,7.723e-05,7.723e-05,7.723e-05
48,104139,0.09345,0.18066,0.04743,0.96256,0.94056,0.94306,0.65363,0.33357,0.44381,0.15931,7.6735e-05,7.6735e-05,7.6735e-05
49,106025,0.08844,0.16688,0.04418,0.98534,0.94274,0.96174,0.66255,0.32392,0.4408,0.14342,7.624e-05,7.624e-05,7.624e-05
50,108356,0.08693,0.16618,0.04366,0.99128,0.94208,0.94757,0.66189,0.3294,0.4302,0.15372,7.5745e-05,7.5745e-05,7.5745e-05
51,110284,0.08599,0.1655,0.04368,0.96295,0.94556,0.93988,0.66018,0.32819,0.43004,0.15376,7.525e-05,7.525e-05,7.525e-05
52,112746,0.08737,0.16587,0.0449,0.97741,0.94088,0.94252,0.65445,0.33051,0.43681,0.15651,7.4755e-05,7.4755e-05,7.4755e-05
53,114663,0.08626,0.16547,0.04378,0.948,0.96503,0.96255,0.67409,0.32589,0.43512,0.1526,7.426e-05,7.426e-05,7.426e-05
54,117412,0.0824,0.16123,0.04284,0.96191,0.96643,0.96281,0.67181,0.32368,0.43554,0.14439,7.3765e-05,7.3765e-05,7.3765e-05
55,119216,0.08842,0.17228,0.0445,0.97919,0.94278,0.94387,0.65289,0.3335,0.42604,0.15666,7.327e-05,7.327e-05,7.327e-05
56,121549,0.08224,0.16069,0.04206,0.94002,0.94107,0.93626,0.65922,0.32844,0.43485,0.15331,7.2775e-05,7.2775e-05,7.2775e-05
57,123379,0.08193,0.16049,0.0413,0.9608,0.93867,0.93943,0.65963,0.32648,0.45157,0.15112,7.228e-05,7.228e-05,7.228e-05
58,125751,0.07935,0.15582,0.03963,0.98553,0.94056,0.95016,0.66152,0.33001,0.44466,0.14473,7.1785e-05,7.1785e-05,7.1785e-05
59,127616,0.07985,0.15588,0.04002,0.98511,0.94,0.94165,0.65974,0.33437,0.44084,0.14579,7.129e-05,7.129e-05,7.129e-05
60,129952,0.08084,0.15564,0.04045,0.98949,0.94063,0.94321,0.65816,0.32948,0.43869,0.14475,7.0795e-05,7.0795e-05,7.0795e-05
61,131878,0.07929,0.1548,0.04044,0.99288,0.95827,0.96527,0.66355,0.32971,0.44175,0.14656,7.03e-05,7.03e-05,7.03e-05
